{"CSMA2imp1scenB300": {"A": 2538000.0, "Throughput": 5103600.0, "Fairness": 0.989242282507016, "Collisions": 1031, "C": 2565600.0}, "CSMA1imp2scenA300": {"A": 2208000.0, "Throughput": 4374000.0, "Fairness": 1.0193905817174516, "Collisions": 912, "C": 2166000.0}, "CSMA2imp2scenA50": {"A": 1207200.0, "Throughput": 1828800.0, "Fairness": 1.942084942084942, "Collisions": 20, "C": 621600.0}, "CSMA1imp1scenA200": {"A": 1992000.0, "Throughput": 4072800.0, "Fairness": 0.9573241061130334, "Collisions": 247, "C": 2080800.0}, "CSMA1imp1scenB300": {"A": 2230800.0, "Throughput": 4414800.0, "Fairness": 1.0214285714285714, "Collisions": 872, "C": 2184000.0}, "CSMA2imp2scenA300": {"A": 2544000.0, "Throughput": 5100000.0, "Fairness": 0.9953051643192489, "Collisions": 1058, "C": 2556000.0}, "CSMA2imp2scenB100": {"A": 2382000.0, "Throughput": 3610800.0, "Fairness": 1.9384765625, "Collisions": 135, "C": 1228800.0}, "CSMA2imp2scenB300": {"A": 2553600.0, "Throughput": 5095200.0, "Fairness": 1.004721435316336, "Collisions": 1122, "C": 2541600.0}, "CSMA1imp2scenB200": {"A": 3013200.0, "Throughput": 4669200.0, "Fairness": 1.8195652173913044, "Collisions": 647, "C": 1656000.0}, "CSMA1imp2scenA100": {"A": 2226000.0, "Throughput": 3314400.0, "Fairness": 2.0452039691289965, "Collisions": 79, "C": 1088400.0}, "CSMA1imp2scenA50": {"A": 1215600.0, "Throughput": 1846800.0, "Fairness": 1.9258555133079849, "Collisions": 11, "C": 631200.0}, "CSMA2imp2scenB200": {"A": 2658000.0, "Throughput": 5098800.0, "Fairness": 1.0889872173058013, "Collisions": 1049, "C": 2440800.0}, "CSMA1imp2scenB100": {"A": 2347200.0, "Throughput": 3441600.0, "Fairness": 2.1447368421052633, "Collisions": 104, "C": 1094400.0}, "CSMA1imp1scenA100": {"A": 1137600.0, "Throughput": 2311200.0, "Fairness": 0.9693251533742331, "Collisions": 25, "C": 1173600.0}, "CSMA1imp1scenB100": {"A": 1152000.0, "Throughput": 2395200.0, "Fairness": 0.9266409266409267, "Collisions": 28, "C": 1243200.0}, "CSMA2imp1scenA100": {"A": 1159200.0, "Throughput": 2348400.0, "Fairness": 0.9747729566094854, "Collisions": 54, "C": 1189200.0}, "CSMA1imp1scenB200": {"A": 2080800.0, "Throughput": 4224000.0, "Fairness": 0.9708846584546472, "Collisions": 285, "C": 2143200.0}, "CSMA2imp2scenA100": {"A": 2406000.0, "Throughput": 3590400.0, "Fairness": 2.031408308004053, "Collisions": 151, "C": 1184400.0}, "CSMA1imp1scenA300": {"A": 2140800.0, "Throughput": 4376400.0, "Fairness": 0.9575952764358562, "Collisions": 907, "C": 2235600.0}, "CSMA2imp1scenA300": {"A": 2558400.0, "Throughput": 5098800.0, "Fairness": 1.007085498346717, "Collisions": 1084, "C": 2540400.0}, "CSMA2imp1scenB50": {"A": 602400.0, "Throughput": 1168800.0, "Fairness": 1.0635593220338984, "Collisions": 5, "C": 566400.0}, "CSMA1imp2scenB50": {"A": 1179600.0, "Throughput": 1747200.0, "Fairness": 2.0782241014799157, "Collisions": 5, "C": 567600.0}, "CSMA2imp2scenA200": {"A": 2768400.0, "Throughput": 5109600.0, "Fairness": 1.1824705279343926, "Collisions": 939, "C": 2341200.0}, "CSMA1imp1scenB50": {"A": 562800.0, "Throughput": 1158000.0, "Fairness": 0.9455645161290323, "Collisions": 6, "C": 595200.0}, "CSMA1imp1scenA50": {"A": 612000.0, "Throughput": 1143600.0, "Fairness": 1.1512415349887133, "Collisions": 5, "C": 531600.0}, "CSMA2imp2scenB50": {"A": 1305600.0, "Throughput": 1905600.0, "Fairness": 2.176, "Collisions": 14, "C": 600000.0}, "CSMA1imp2scenB300": {"A": 2206800.0, "Throughput": 4358400.0, "Fairness": 1.0256553262688233, "Collisions": 924, "C": 2151600.0}, "CSMA2imp1scenB100": {"A": 1185600.0, "Throughput": 2336400.0, "Fairness": 1.0302398331595413, "Collisions": 28, "C": 1150800.0}, "CSMA1imp2scenA200": {"A": 3031200.0, "Throughput": 4689600.0, "Fairness": 1.8277858176555717, "Collisions": 626, "C": 1658400.0}, "CSMA2imp1scenA200": {"A": 2311200.0, "Throughput": 4737600.0, "Fairness": 0.9525222551928784, "Collisions": 613, "C": 2426400.0}, "CSMA2imp1scenA50": {"A": 634800.0, "Throughput": 1263600.0, "Fairness": 1.0095419847328244, "Collisions": 5, "C": 628800.0}, "CSMA2imp1scenB200": {"A": 2343600.0, "Throughput": 4663200.0, "Fairness": 1.0103466114847388, "Collisions": 549, "C": 2319600.0}}